method,regime,mission_time,rescue_success,formation_error,communication_load,violation_rate,reward,composite_score
fixed_rule,standard,24.760369257764808,0.2554309678708855,3.5063847404385844,7.2,0.15669318243825187,-6.537365200447554,25.827069569241303
rl_only,standard,24.99623083324858,0.25344283976237647,3.51206394499343,6.98,0.15713622543581993,-6.581145540329291,25.54134703052665
llm_rule_only,standard,25.885937396380715,0.24608792549759878,3.4943439807201644,6.96,0.1579231725041725,-6.455526958747231,24.471480328794996
full_stack,standard,26.758424410191047,0.2568647675177993,3.164181889829241,6.9272,0.14893531178134012,-5.354103050040195,26.046749574586627
fixed_rule,stress,45.34386002277587,0.09608224697840098,4.423093479590605,7.2,0.31015044233799727,-18.921919802339282,-0.4413617754816392
rl_only,stress,48.25624858547738,0.09118838614546264,4.406801339411009,7.08,0.31057503298731626,-19.555713718627192,-1.4229906939126868
llm_rule_only,stress,45.34386002277587,0.09608224697840098,4.423093479590605,7.2,0.31015044233799727,-29.95693435869448,-0.4413617754816392
full_stack,stress,47.97514458510281,0.10280945227587945,3.639846050094101,6.766400000000001,0.2918426460414776,-26.174645208566027,0.7427776993724616
