method,regime,mission_time,rescue_success,formation_error,communication_load,violation_rate,reward,composite_score,layer,hydrodynamic_load,sensor_error,packet_drop_rate
fixed_rule,stress,41.48105960345232,0.11039790561459986,4.324675637560988,7.2,0.30411092751357904,-17.005165278502425,2.026367409092934,nominal,,,
fixed_rule,stress,43.97251263146914,0.10419042659767962,4.789139994080281,8.26897647147362,0.3153223399997107,-18.92584683235111,0.5026040004254829,hydro_sensor_comm,1.1414548791388839,0.24702695500356903,0.4639654824104248
q_full_stack,stress,45.65050735996121,0.11761151096303958,3.5700139072586037,6.417000000000001,0.2863541925911762,-24.143377655557508,3.0867052078181163,nominal,,,
q_full_stack,stress,48.2376088990486,0.11122331173946455,3.9119669769021876,7.361458448585679,0.2948992719991071,-26.853759662717575,1.6250691979155827,hydro_sensor_comm,1.0273835779167284,0.21248872617101344,0.46313394010687453
deep_rl_only,stress,41.767497422529445,0.10950874456254675,4.294602113619609,6.4,0.3035915757551972,-16.9300372119823,1.936277999067131,nominal,,,
deep_rl_only,stress,44.356765276325625,0.10303945150987924,4.755805429266319,7.420039508442218,0.31477313558785164,-18.868284308171763,0.3708665468785751,hydro_sensor_comm,1.1435086375341825,0.24393047112527388,0.49806616623155164
deep_prior_safety,stress,44.23869360569711,0.11956600138853345,3.4905393603780444,7.632000000000001,0.2842930340917249,-23.317561566106004,3.514373558042332,nominal,,,
deep_prior_safety,stress,46.583863425334286,0.11368934663756844,3.813817684102754,8.64061530603122,0.2923454219738229,-25.854136240207104,2.160466901577445,hydro_sensor_comm,0.9998469124462489,0.20431868646024,0.412987792367343
