method,regime,mission_time,rescue_success,formation_error,communication_load,violation_rate,reward,composite_score,layer,hydrodynamic_load,sensor_error,packet_drop_rate
fixed_rule,stress,41.48105960345232,0.11039790561459986,4.324675637560988,7.2,0.30411092751357904,-17.005165278502425,2.026367409092934,nominal,,,
fixed_rule,stress,43.97251263146914,0.10419042659767962,4.789139994080281,8.26897647147362,0.3153223399997107,-18.92584683235111,0.5026040004254829,hydro_sensor_comm,1.1414548791388839,0.24702695500356903,0.4639654824104248
q_full_stack,stress,45.65050735996121,0.11761151096303958,3.5700139072586037,6.417000000000001,0.2863541925911762,-24.143377655557508,3.0867052078181163,nominal,,,
q_full_stack,stress,48.2376088990486,0.11122331173946455,3.9119669769021876,7.361458448585679,0.2948992719991071,-26.853759662717575,1.6250691979155827,hydro_sensor_comm,1.0273835779167284,0.21248872617101344,0.46313394010687453
deep_rl_only,stress,41.48105960345232,0.11039790561459986,4.324675637560988,7.2,0.30411092751357904,-17.005165278502425,2.026367409092934,nominal,,,
deep_rl_only,stress,43.684620649206686,0.1049802081586106,4.728525274909127,8.150166802113926,0.3138624511281964,-18.683860134938307,0.6932562760831509,hydro_sensor_comm,1.0062876010300807,0.20490159574523006,0.4123987856397248
deep_prior_safety,stress,44.545627811724934,0.11859652630226507,3.4659931909352424,6.784000000000001,0.2839081343777862,-23.21252981469675,3.4094290462599792,nominal,,,
deep_prior_safety,stress,46.99600760763781,0.11238319124817206,3.787180734611553,7.75850754205915,0.29196839394731994,-25.775638952803483,2.0014242240770717,hydro_sensor_comm,0.9998469124462489,0.20431868646024,0.4488997743123293
