method,pre_shift_score,post_shift_score,score_delta,post_shift_violation,adaptation_steps,final_moving_score,final_moving_violation
fixed_rule,15.603775229125393,17.391075894930076,1.7873006658046826,0.2162295961888068,2,17.744890347413765,0.21599944123788334
rl_only,14.308181004356708,17.60655319044976,3.298372186093051,0.2120376036975034,29,19.204708930554208,0.20904259634711686
llm_rule_only,14.953714316128915,16.40855894547561,1.4548446293466935,0.21150205446428122,1,16.52638096497632,0.21054244449269693
full_stack,13.454480598314609,17.631065156909504,4.176584558594895,0.1986477740097863,30,17.508043121821512,0.19907205372063597
